modality,seed,site,IoU,precision,recall
depth,0,HDCL_HW_A,0.4064578765543968,0.6890797566207816,0.49774305280344944
depth,0,MEB_CM,0.29133878549810033,0.5512557450396487,0.3819140781960676
depth,0,MEB_HW_B,0.42433898532657105,0.6312122538699763,0.5642215833013297
depth,1,HDCL_HW_A,0.4097262075947408,0.6872557953399329,0.5036281565556489
depth,1,MEB_CM,0.2936649153889227,0.545671515858231,0.3887061755241379
depth,1,MEB_HW_B,0.43158300104087177,0.6429018128983568,0.5676644904144567
depth,2,HDCL_HW_A,0.4215883701082631,0.6854797425296436,0.5226982705324731
depth,2,MEB_CM,0.29143834929045986,0.5314380092692144,0.3922229388187862
depth,2,MEB_HW_B,0.42515316806229614,0.6213296321062717,0.5738413792387616
rgb,0,HDCL_HW_A,0.7692850609447495,0.9152675792347872,0.8282728706624606
rgb,0,MEB_CM,0.7027600350311536,0.907019959680273,0.7573180079215811
rgb,0,MEB_HW_B,0.8162905375802828,0.888998529996995,0.908931629698058
rgb,1,HDCL_HW_A,0.7666370741407533,0.9126619466163622,0.8273336318818065
rgb,1,MEB_CM,0.697869125833793,0.9068421395636802,0.7517634465968605
rgb,1,MEB_HW_B,0.8166221976300895,0.8943567579115598,0.9038041165419387
rgb,2,HDCL_HW_A,0.7641826344868332,0.9085832905622298,0.8278329740183568
rgb,2,MEB_CM,0.7072975683168068,0.9127796422854079,0.7585656738240031
rgb,2,MEB_HW_B,0.8200410395436223,0.89314105629344,0.9092502828435901
rgbd,0,HDCL_HW_A,0.7715858010783712,0.9140309762785144,0.8319624542269708
rgbd,0,MEB_CM,0.704465884067614,0.9195126591177906,0.7507605865886889
rgbd,0,MEB_HW_B,0.8215580972323173,0.8983955127069957,0.9057118835826162
rgbd,1,HDCL_HW_A,0.7655734673544355,0.9146386499574649,0.8244822297607913
rgbd,1,MEB_CM,0.6916835257866725,0.8983821674590085,0.750392533589057
rgbd,1,MEB_HW_B,0.8226974492254668,0.8948133780805797,0.9107781572091381
rgbd,2,HDCL_HW_A,0.7628784042121208,0.9061798166887785,0.8283006118922689
rgbd,2,MEB_CM,0.6987148509109807,0.9190782165403317,0.7445171921270425
rgbd,2,MEB_HW_B,0.8215128764970123,0.899162914082145,0.9048784032052147
