modality,seed,IoU,precision,recall
rgb,0,0.7721315571161574,0.902749802337846,0.8421836648130417
rgb,1,0.7700095075408832,0.9039714908271821,0.8386055864493049
rgb,2,0.772597192436985,0.9031164804797325,0.8424183568129294
depth,0,0.38627313394360924,0.6359002760667659,0.4959657926663818
depth,1,0.3904984850482433,0.6388179623447139,0.5011430514014465
depth,2,0.39199307474302764,0.6261359555047428,0.511779043329913
rgbd,0,0.7754354064164702,0.9087497677561729,0.8409119616508594
rgbd,1,0.7703825723288906,0.9031160161882078,0.8397864536713314
rgbd,2,0.7706708413805965,0.9059207478076028,0.8377163298849464
